{
    "short": {
        "title": "Beats",
        "genre": "Programming",
        "client": "MySelf",
        "Role": "Programming"
    },
    "description": {
        "text": "Beats By Dre wanted to give breath to its line of Wireless products. This new breath had to give them not only a strong a voice but a unique identity. To do this we created a design system that gave new life to the wireless concept. We set out and Achieved a design esthetic that gives a sense of movement and freedom while giving the products a unique quality.",
        "shareLink": "123.html"
    },
    "img": [
        "work/img/0", "work/img/1", "work/img/2"
    ]
}